Pages les plus populaires,Clics,Impressions,CTR,Position
https://finsight.zineinsight.com/,7,2188,0.32%,3.83
https://finsight.zineinsight.com/calculateurs/bfr,2,54,3.7%,7.69
https://finsight.zineinsight.com/technique,1,14,7.14%,31.86
https://finsight.zineinsight.com/blog,1,11,9.09%,6.82
https://finsight.zineinsight.com/ressources,1,5,20%,16.6
https://finsight.zineinsight.com/calculateurs/dso,0,443,0%,49.56
https://finsight.zineinsight.com/blog/ratio-liquidite-interpretation,0,134,0%,8
https://finsight.zineinsight.com/blog/calcul-dso-formule-2025,0,89,0%,38.47
https://finsight.zineinsight.com/pricing,0,24,0%,7.92
https://finsight.zineinsight.com/blog/tresorerie-pme-5-erreurs-eviter,0,13,0%,5.15
https://finsight.zineinsight.com/blog/5-kpis-financiers-pme,0,7,0%,15.43
https://finsight.zineinsight.com/blog/creances-clients-reduire-impayes,0,6,0%,16.17
https://finsight.zineinsight.com/politique-confidentialite,0,4,0%,4
https://finsight.zineinsight.com/changelog,0,4,0%,4.75
https://finsight.zineinsight.com/faq,0,3,0%,5.33
https://finsight.zineinsight.com/cookies,0,2,0%,7